# Sequel Pro dump
# Version 2492
# http://code.google.com/p/sequel-pro
#
# Host: 127.0.0.1 (MySQL 5.1.50-log)
# Database: lbsc2_development
# Generation Time: 2010-10-30 22:49:34 +0800
# ************************************************************

/*!40101 SET @OLD_CHARACTER_SET_CLIENT=@@CHARACTER_SET_CLIENT */;
/*!40101 SET @OLD_CHARACTER_SET_RESULTS=@@CHARACTER_SET_RESULTS */;
/*!40101 SET @OLD_COLLATION_CONNECTION=@@COLLATION_CONNECTION */;
/*!40101 SET NAMES utf8 */;
/*!40014 SET @OLD_FOREIGN_KEY_CHECKS=@@FOREIGN_KEY_CHECKS, FOREIGN_KEY_CHECKS=0 */;
/*!40101 SET @OLD_SQL_MODE=@@SQL_MODE, SQL_MODE='NO_AUTO_VALUE_ON_ZERO' */;
/*!40111 SET @OLD_SQL_NOTES=@@SQL_NOTES, SQL_NOTES=0 */;


# Dump of table activities
# ------------------------------------------------------------

LOCK TABLES `activities` WRITE;
/*!40000 ALTER TABLE `activities` DISABLE KEYS */;
INSERT INTO `activities` (`id`,`user_id`,`place_id`,`question_id`,`answer_id`,`action_id`,`created_at`,`updated_at`)
VALUES
	(4,3,3,9,0,6,'2010-10-27 08:26:38','2010-10-27 08:26:38'),
	(30,3,4,0,0,5,'2010-10-28 06:15:57','2010-10-28 06:15:57'),
	(31,3,3,0,0,5,'2010-10-28 06:16:27','2010-10-28 06:16:27'),
	(32,3,7,0,0,5,'2010-10-28 07:17:18','2010-10-28 07:17:18'),
	(33,3,4,0,0,5,'2010-10-28 10:26:19','2010-10-28 10:26:19'),
	(34,3,4,0,0,5,'2010-10-28 11:18:35','2010-10-28 11:18:35'),
	(35,3,4,0,0,5,'2010-10-28 11:24:34','2010-10-28 11:24:34'),
	(36,3,4,0,0,7,'2010-10-28 11:32:14','2010-10-28 11:32:14'),
	(37,3,4,0,0,5,'2010-10-28 11:37:24','2010-10-28 11:37:24'),
	(38,3,4,0,0,7,'2010-10-28 11:38:10','2010-10-28 11:38:10'),
	(39,3,4,0,0,5,'2010-10-28 11:38:32','2010-10-28 11:38:32'),
	(40,3,4,0,0,7,'2010-10-28 11:38:42','2010-10-28 11:38:42'),
	(41,3,4,0,0,5,'2010-10-28 11:39:07','2010-10-28 11:39:07'),
	(42,3,4,0,0,7,'2010-10-28 11:39:24','2010-10-28 11:39:24'),
	(43,3,4,0,0,5,'2010-10-28 11:40:03','2010-10-28 11:40:03'),
	(44,3,4,0,0,7,'2010-10-28 11:42:21','2010-10-28 11:42:21'),
	(45,3,4,0,0,5,'2010-10-28 11:45:30','2010-10-28 11:45:30'),
	(46,3,4,0,0,7,'2010-10-28 11:46:13','2010-10-28 11:46:13'),
	(47,3,4,0,0,5,'2010-10-28 11:48:38','2010-10-28 11:48:38'),
	(48,3,4,0,0,7,'2010-10-28 11:51:02','2010-10-28 11:51:02'),
	(49,3,4,0,0,5,'2010-10-28 11:51:57','2010-10-28 11:51:57'),
	(50,3,4,0,0,7,'2010-10-28 11:57:26','2010-10-28 11:57:26'),
	(51,3,4,0,0,5,'2010-10-28 13:07:34','2010-10-28 13:07:34'),
	(52,3,4,0,0,5,'2010-10-28 13:08:33','2010-10-28 13:08:33'),
	(53,3,4,0,0,7,'2010-10-28 13:08:35','2010-10-28 13:08:35'),
	(54,3,4,0,0,5,'2010-10-28 13:08:38','2010-10-28 13:08:38'),
	(55,3,4,0,0,7,'2010-10-28 13:09:05','2010-10-28 13:09:05'),
	(56,3,4,0,0,5,'2010-10-28 13:09:16','2010-10-28 13:09:16'),
	(57,3,4,0,0,7,'2010-10-28 13:10:28','2010-10-28 13:10:28'),
	(58,3,9,0,0,5,'2010-10-28 13:10:38','2010-10-28 13:10:38'),
	(59,3,3,0,0,5,'2010-10-28 13:10:45','2010-10-28 13:10:45'),
	(60,3,8,0,0,5,'2010-10-28 13:11:09','2010-10-28 13:11:09'),
	(61,3,7,0,0,5,'2010-10-28 13:11:25','2010-10-28 13:11:25'),
	(62,3,4,0,0,5,'2010-10-28 13:13:30','2010-10-28 13:13:30'),
	(63,3,9,0,0,7,'2010-10-28 14:09:05','2010-10-28 14:09:05'),
	(64,3,4,0,0,7,'2010-10-28 14:20:13','2010-10-28 14:20:13'),
	(65,3,8,0,0,7,'2010-10-28 14:20:31','2010-10-28 14:20:31'),
	(66,3,4,0,0,5,'2010-10-29 01:27:19','2010-10-29 01:27:19'),
	(67,3,4,0,0,7,'2010-10-29 05:37:24','2010-10-29 05:37:24'),
	(68,3,4,0,0,5,'2010-10-29 05:37:26','2010-10-29 05:37:26'),
	(69,3,4,0,0,7,'2010-10-29 05:37:27','2010-10-29 05:37:27'),
	(70,3,4,0,0,5,'2010-10-29 05:37:27','2010-10-29 05:37:27'),
	(71,3,4,0,0,7,'2010-10-29 05:51:48','2010-10-29 05:51:48'),
	(72,3,4,0,0,5,'2010-10-29 05:52:38','2010-10-29 05:52:38'),
	(73,3,4,0,0,7,'2010-10-29 05:52:42','2010-10-29 05:52:42'),
	(74,3,4,0,0,5,'2010-10-29 05:52:49','2010-10-29 05:52:49'),
	(75,3,4,0,0,7,'2010-10-29 05:52:56','2010-10-29 05:52:56'),
	(76,3,4,0,0,5,'2010-10-29 05:54:10','2010-10-29 05:54:10'),
	(77,3,4,0,0,7,'2010-10-29 05:54:16','2010-10-29 05:54:16'),
	(78,3,4,0,0,5,'2010-10-29 05:56:20','2010-10-29 05:56:20'),
	(79,3,4,0,0,7,'2010-10-29 05:56:27','2010-10-29 05:56:27'),
	(80,3,4,0,0,5,'2010-10-29 05:56:52','2010-10-29 05:56:52'),
	(81,3,4,0,0,7,'2010-10-29 05:57:16','2010-10-29 05:57:16'),
	(82,3,4,0,0,5,'2010-10-29 05:58:06','2010-10-29 05:58:06'),
	(83,3,4,0,0,7,'2010-10-29 05:58:13','2010-10-29 05:58:13'),
	(84,3,4,0,0,5,'2010-10-29 05:58:48','2010-10-29 05:58:48'),
	(85,3,4,0,0,7,'2010-10-29 05:58:59','2010-10-29 05:58:59'),
	(86,3,4,0,0,5,'2010-10-29 05:59:36','2010-10-29 05:59:36'),
	(87,3,4,0,0,7,'2010-10-29 05:59:42','2010-10-29 05:59:42'),
	(88,3,4,0,0,5,'2010-10-29 05:59:54','2010-10-29 05:59:54'),
	(89,3,4,0,0,7,'2010-10-29 05:59:59','2010-10-29 05:59:59'),
	(90,3,4,0,0,5,'2010-10-29 06:00:26','2010-10-29 06:00:26'),
	(91,3,4,0,0,7,'2010-10-29 06:00:34','2010-10-29 06:00:34'),
	(92,3,4,0,0,5,'2010-10-29 06:03:05','2010-10-29 06:03:05'),
	(93,3,4,0,0,7,'2010-10-29 06:03:11','2010-10-29 06:03:11'),
	(94,3,4,0,0,5,'2010-10-29 06:03:49','2010-10-29 06:03:49'),
	(95,3,4,0,0,7,'2010-10-29 07:18:36','2010-10-29 07:18:36'),
	(96,3,4,0,0,5,'2010-10-29 07:35:40','2010-10-29 07:35:40'),
	(97,3,4,0,0,7,'2010-10-29 09:23:15','2010-10-29 09:23:15'),
	(98,3,4,0,0,5,'2010-10-29 10:14:06','2010-10-29 10:14:06'),
	(99,3,4,0,0,7,'2010-10-29 10:14:07','2010-10-29 10:14:07'),
	(100,3,3,0,0,7,'2010-10-29 15:10:42','2010-10-29 15:10:42'),
	(101,3,8,0,0,5,'2010-10-29 15:11:21','2010-10-29 15:11:21'),
	(102,NULL,4,0,0,5,'2010-10-29 16:34:46','2010-10-29 16:34:46'),
	(103,3,4,0,0,7,'2010-10-29 16:35:13','2010-10-29 16:35:13'),
	(104,3,4,0,0,5,'2010-10-29 16:35:23','2010-10-29 16:35:23'),
	(105,3,4,0,0,7,'2010-10-29 16:35:31','2010-10-29 16:35:31'),
	(106,3,4,0,0,5,'2010-10-29 16:35:53','2010-10-29 16:35:53'),
	(107,3,4,0,0,7,'2010-10-30 07:28:27','2010-10-30 07:28:27'),
	(108,3,3,10,0,1,'2010-10-30 12:19:30','2010-10-30 12:19:30');

/*!40000 ALTER TABLE `activities` ENABLE KEYS */;
UNLOCK TABLES;


# Dump of table answers
# ------------------------------------------------------------

LOCK TABLES `answers` WRITE;
/*!40000 ALTER TABLE `answers` DISABLE KEYS */;
INSERT INTO `answers` (`id`,`user_id`,`question_id`,`description`,`up_counts`,`down_counts`,`is_choosen`,`created_at`,`updated_at`)
VALUES
	(1,4,6,'answer for Q4',0,0,0,NULL,NULL),
	(2,6,6,'answer1 for Q4',0,0,0,NULL,NULL),
	(3,6,6,'answer2 for Q4',0,0,0,NULL,NULL),
	(4,4,6,'answer for Q4',0,0,0,NULL,NULL),
	(10,4,6,'测试activity_controller',0,0,0,'2010-10-27 09:20:11','2010-10-27 09:20:11'),
	(11,4,6,'测试activity_controller',2,1,0,'2010-10-27 09:22:20','2010-10-27 09:53:13');

/*!40000 ALTER TABLE `answers` ENABLE KEYS */;
UNLOCK TABLES;


# Dump of table followships
# ------------------------------------------------------------

LOCK TABLES `followships` WRITE;
/*!40000 ALTER TABLE `followships` DISABLE KEYS */;
INSERT INTO `followships` (`id`,`place_id`,`question_id`,`user_id`,`created_at`,`updated_at`)
VALUES
	(7,7,0,3,'2010-10-28 13:11:25','2010-10-28 13:11:25'),
	(26,8,0,3,'2010-10-29 15:11:21','2010-10-29 15:11:21');

/*!40000 ALTER TABLE `followships` ENABLE KEYS */;
UNLOCK TABLES;


# Dump of table places
# ------------------------------------------------------------

LOCK TABLES `places` WRITE;
/*!40000 ALTER TABLE `places` DISABLE KEYS */;
INSERT INTO `places` (`id`,`name`,`address`,`latitude`,`longtitude`,`postalcode`,`city`,`pic_url`,`user_id`,`created_at`,`updated_at`,`questions_count`,`activities_count`)
VALUES
	(1,'中关村',NULL,NULL,NULL,NULL,NULL,NULL,NULL,NULL,NULL,0,1),
	(3,'北京理工大学设计艺术学院传统工艺美术系','中国北京市海淀区西三环北路辅路北京理工大学设计艺术学院传统工艺美术系',39.961190,116.309173,NULL,'北京',NULL,NULL,'2010-10-19 08:55:34','2010-10-19 08:55:34',1,6),
	(4,'中关村医院','中国北京市海淀区中关村南路4号中关村医院',39.980543,116.321000,NULL,'北京',NULL,3,'2010-10-19 08:58:01','2010-10-19 08:58:01',9,76),
	(7,'北京市妇联','中国北京市海淀区善缘街鼎好电子大厦A座',39.984929,116.313985,NULL,'北京',NULL,NULL,'2010-10-19 13:22:48','2010-10-19 13:22:48',0,2),
	(8,'新世界百货（东煌凯丽酒店南）','中国北京市朝阳区广顺南大街21号新世界百货（东煌凯丽酒店南）',39.986690,116.480303,NULL,'北京',NULL,NULL,'2010-10-19 13:35:05','2010-10-19 13:35:05',0,4),
	(9,'星巴克咖啡店','中国上海市浦东新区东方路969号星巴克咖啡店',31.222253,121.528815,NULL,'上海',NULL,NULL,'2010-10-20 03:37:21','2010-10-20 03:37:21',1,11),
	(10,NULL,'中国北京市东城区天安门',39.908715,116.397389,NULL,'北京',NULL,NULL,'2010-10-24 10:06:58','2010-10-24 10:06:58',0,0),
	(11,'中挂掉',NULL,35.234200,129.345000,NULL,'北京',NULL,3,'2010-10-30 14:17:47','2010-10-30 14:17:47',0,0),
	(12,'中挂掉',NULL,35.234200,129.345000,NULL,'北京',NULL,3,'2010-10-30 14:18:36','2010-10-30 14:18:36',0,0),
	(13,'中挂掉',NULL,35.234200,129.345000,NULL,'北京',NULL,3,'2010-10-30 14:20:13','2010-10-30 14:20:13',0,0),
	(14,'中挂掉',NULL,35.234200,129.345000,NULL,'北京',NULL,3,'2010-10-30 14:24:17','2010-10-30 14:24:17',0,0),
	(15,'中挂掉',NULL,35.234200,129.345000,NULL,'北京',NULL,3,'2010-10-30 14:25:25','2010-10-30 14:25:25',0,0),
	(16,'中挂掉',NULL,35.234200,129.345000,NULL,'北京',NULL,3,'2010-10-30 14:28:45','2010-10-30 14:28:45',0,0),
	(17,'中挂掉',NULL,35.234200,129.345000,NULL,'北京',NULL,3,'2010-10-30 14:28:58','2010-10-30 14:28:58',0,0);

/*!40000 ALTER TABLE `places` ENABLE KEYS */;
UNLOCK TABLES;


# Dump of table questions
# ------------------------------------------------------------

LOCK TABLES `questions` WRITE;
/*!40000 ALTER TABLE `questions` DISABLE KEYS */;
INSERT INTO `questions` (`id`,`place_id`,`description`,`points`,`user_id`,`created_at`,`updated_at`,`answers_count`)
VALUES
	(1,4,' 测试一下看看？',0,3,'2010-10-20 07:36:06','2010-10-20 07:36:06',4),
	(2,4,'',0,3,'2010-10-20 07:38:29','2010-10-20 07:38:29',6),
	(3,4,' 测试一下4',0,3,'2010-10-20 07:40:30','2010-10-20 07:40:30',0),
	(4,4,' 测试5',0,3,'2010-10-20 07:43:16','2010-10-20 07:43:16',10),
	(5,4,' 测试6',15,3,'2010-10-20 07:52:06','2010-10-20 07:52:06',0),
	(6,9,' 测试星巴克',15,3,'2010-10-20 07:54:55','2010-10-20 07:54:55',2),
	(7,4,' f阿迪事发时东方',15,4,'2010-10-24 10:08:12','2010-10-24 10:08:12',0),
	(8,4,' ',5,4,'2010-10-24 13:06:35','2010-10-24 13:06:35',0),
	(9,4,'哪里有快递',5,4,'2010-10-27 10:12:24','2010-10-27 10:12:24',0),
	(10,3,'where are you',NULL,3,'2010-10-30 12:19:30','2010-10-30 12:19:30',0);

/*!40000 ALTER TABLE `questions` ENABLE KEYS */;
UNLOCK TABLES;


# Dump of table sessions
# ------------------------------------------------------------

LOCK TABLES `sessions` WRITE;
/*!40000 ALTER TABLE `sessions` DISABLE KEYS */;
INSERT INTO `sessions` (`id`,`session_id`,`data`,`created_at`,`updated_at`)
VALUES
	(18,'9adadc19913edf916404ebf21577bff6','BAh7CCIQX2NzcmZfdG9rZW4iMWdvRjlDQjFkSnc0Z0FBcUxDZlNYclRSc1JL\nUFBCVURlRFN3ODFFcC9IMWc9Ig5yZXR1cm5fdG8iVC9wbGFjZS9mb2xsb3dl\nZC5qc29uP3VzZXJfaWQ9NCZtX3Rva2VuPTQ5NjE3MWVjYzU3MTRmZmNjY2Vj\nNDI2YzZkYTBmMjZhNDJlNjBmN2QiDHVzZXJfaWRpCA==\n','2010-10-30 14:07:28','2010-10-30 14:41:34');

/*!40000 ALTER TABLE `sessions` ENABLE KEYS */;
UNLOCK TABLES;


# Dump of table users
# ------------------------------------------------------------

LOCK TABLES `users` WRITE;
/*!40000 ALTER TABLE `users` DISABLE KEYS */;
INSERT INTO `users` (`id`,`name`,`hashed_password`,`salt`,`e_mail`,`scores`,`profile_img`,`created_at`,`updated_at`,`remember_token`,`remember_token_expires_at`,`m_token`,`m_token_expires_at`)
VALUES
	(1,'cys','4d2a53ef8ff6686f989938be6282498912f8a1ba','4107f2dcaaae7311abbfbf55e709650de374c9ad','cuiyingsan@gmail.com',NULL,NULL,'2010-10-15 06:20:42','2010-10-15 14:28:30','674ab6a7613bcdbf1cfa8ce106744a493e69c36e','14:28:30',NULL,NULL),
	(2,'nate','639e7a251ed90fe8fb18047bbc177298687a4140','50ff101eb38697673e82484dd1d07ee3205a13e4','cys333@msn.com',NULL,NULL,'2010-10-15 08:11:37','2010-10-15 08:11:37',NULL,NULL,NULL,NULL),
	(3,'natecui','d0cff8ed3351d01b610fa5ae593d64ff6f82dc67','042f94b0ce3dcd64ac6e3c738f9763d0c16112b6','nate@sina.com',NULL,NULL,'2010-10-17 14:27:31','2010-10-30 08:51:23',NULL,NULL,'496171ecc5714ffcccec426c6da0f26a42e60f7d','08:51:23'),
	(4,'cysnew','9fa92643dc32e762dd03e4648aaf5dc0d379b4b2','bcd729e15a9acb3e0ab61340132decda1e8db66b','cysnew@sina.com',NULL,NULL,'2010-10-19 00:44:28','2010-10-19 00:44:28',NULL,NULL,NULL,NULL),
	(5,'dada','4ad583f4a1ccee11968d61d80ff0130dd11ed7ce','5e4d0e548d8b3fc765760b46cc03b0f88795ebad','dada@sina.com',NULL,NULL,'2010-10-25 07:55:11','2010-10-25 07:55:11',NULL,NULL,NULL,NULL);

/*!40000 ALTER TABLE `users` ENABLE KEYS */;
UNLOCK TABLES;





/*!40111 SET SQL_NOTES=@OLD_SQL_NOTES */;
/*!40101 SET SQL_MODE=@OLD_SQL_MODE */;
/*!40014 SET FOREIGN_KEY_CHECKS=@OLD_FOREIGN_KEY_CHECKS */;
/*!40101 SET CHARACTER_SET_CLIENT=@OLD_CHARACTER_SET_CLIENT */;
/*!40101 SET CHARACTER_SET_RESULTS=@OLD_CHARACTER_SET_RESULTS */;
/*!40101 SET COLLATION_CONNECTION=@OLD_COLLATION_CONNECTION */;
